{
  "title": "Інтенсив \"6 днів до власного соло\"",
  "cta_primary": "Купити інтенсив",
  "cta_buy": "Купити інтенсив",
  "price": "19$ / 690 грн",
  "faq": [
    {
      "question": "Чи підійде інтенсив новачку?",
      "answer": "Так, програма адаптована для старту й поступового прогресу без перевантаження."
    },
    {
      "question": "Скільки часу потрібно щодня?",
      "answer": "У середньому 20–30 хвилин практики."
    },
    {
      "question": "Чи потрібна електрогітара?",
      "answer": "Ні, підходить і акустична, і електрогітара."
    },
    {
      "question": "Що буде після 6 днів?",
      "answer": "Отримаєш план тренувань на 30 днів, щоб закріпити навички."
    },
    {
      "question": "Чи можна проходити у своєму темпі?",
      "answer": "Так, доступ зберігається, і ти зможеш повертатись до матеріалів."
    }
  ],
  "program": [
    {
      "label": "День 1",
      "text": "постановка рук і базовий ритм."
    },
    {
      "label": "День 2",
      "text": "чистота та синхронізація правої й лівої руки."
    },
    {
      "label": "День 3",
      "text": "швидкість без напруги, контроль темпу."
    },
    {
      "label": "День 4",
      "text": "акценти, динаміка та виразність соло."
    },
    {
      "label": "День 5",
      "text": "підсумок, збірка навичок у міні-композицію."
    },
    {
      "label": "Фінал",
      "text": "план тренувань на 30 днів."
    }
  ]
}